Wa-wa-wa Waltzing with Bears,81
I'm looking for Amanda Hug and kiss,79
Lebron's Chosen Few,77
Hingle McKringleberry,75
Depressed for Success,72
Hot Wheels,71
"Ya dim sum, ya lose sum",71
Tequila Mockingbird,71
Pumpkin Patch Watch,71
Too Many Jackies,69
TIAFTA?,65
The Stanilands,63
Noble Asses,63
The Elite Seven,63
UC Suave,60
"Part Work, Part Play",59
EPIC is epic,59
Brett KavaNOPE,59
Sheet 2,57
Dumb Sluts,57
CEB,56
Placenta Paninis,55
Kavanaaahhhhhhh,55
Problematic Theology,51
Sulkin Vulkan,49
No Team Name Found,48
Double Yolk,41
A Team,26
